{
    "batchName": "",
    "batchTime": 0,
    "boardConf": "",
    "boardCustom": "",
    "boardName": "OAK-D-LITE",
    "boardOptions": 0,
    "boardRev": "R1M1E3",
    "cameraData": [
        [
            0,
            {
                "cameraType": 0,
                "distortionCoeff": [
                    0.23354969918727875,
                    0.07208000868558884,
                    -0.0004151334869675338,
                    -0.0009840817656368017,
                    30.109460830688477,
                    0.16867917776107788,
                    -0.04369571432471275,
                    30.37432289123535,
                    0.0,
                    0.0,
                    0.0,
                    0.0,
                    0.0,
                    0.0
                ],
                "extrinsics": {
                    "rotationMatrix": [
                        [
                            0.0,
                            0.0,
                            0.0
                        ],
                        [
                            0.0,
                            0.0,
                            0.0
                        ],
                        [
                            0.0,
                            0.0,
                            0.0
                        ]
                    ],
                    "specTranslation": {
                        "x": -0.0,
                        "y": -0.0,
                        "z": -0.0
                    },
                    "toCameraSocket": -1,
                    "translation": {
                        "x": 0.0,
                        "y": 0.0,
                        "z": 0.0
                    }
                },
                "height": 2160,
                "intrinsicMatrix": [
                    [
                        3014.681884765625,
                        0.0,
                        1930.1944580078125
                    ],
                    [
                        0.0,
                        3014.681884765625,
                        1052.2064208984375
                    ],
                    [
                        0.0,
                        0.0,
                        1.0
                    ]
                ],
                "lensPosition": 54,
                "specHfovDeg": 68.7938003540039,
                "width": 3840
            }
        ],
        [
            1,
            {
                "cameraType": 0,
                "distortionCoeff": [
                    14.794404983520508,
                    -110.19448852539063,
                    -0.000601418549194932,
                    0.0017188697820529342,
                    365.8841552734375,
                    14.880030632019043,
                    -110.70329284667969,
                    366.7982177734375,
                    0.0,
                    0.0,
                    0.0,
                    0.0,
                    0.0,
                    0.0
                ],
                "extrinsics": {
                    "rotationMatrix": [
                        [
                            0.9997440576553345,
                            0.01854550465941429,
                            -0.012955489568412304
                        ],
                        [
                            -0.018500613048672676,
                            0.9998224377632141,
                            0.003576455870643258
                        ],
                        [
                            0.013019516132771969,
                            -0.0033358559012413025,
                            0.9999096989631653
                        ]
                    ],
                    "specTranslation": {
                        "x": -7.5,
                        "y": 0.0,
                        "z": 0.0
                    },
                    "toCameraSocket": 2,
                    "translation": {
                        "x": -7.4957051277160645,
                        "y": 0.05798356980085373,
                        "z": 0.02576158381998539
                    }
                },
                "height": 480,
                "intrinsicMatrix": [
                    [
                        454.12579345703125,
                        0.0,
                        316.5791931152344
                    ],
                    [
                        0.0,
                        454.12579345703125,
                        223.70823669433594
                    ],
                    [
                        0.0,
                        0.0,
                        1.0
                    ]
                ],
                "lensPosition": 0,
                "specHfovDeg": 72.9000015258789,
                "width": 640
            }
        ],
        [
            2,
            {
                "cameraType": 0,
                "distortionCoeff": [
                    -2.105184316635132,
                    -10.648426055908203,
                    -0.0002339619240956381,
                    -0.000680907687637955,
                    124.06757354736328,
                    -2.087233781814575,
                    -10.752790451049805,
                    124.13167572021484,
                    0.0,
                    0.0,
                    0.0,
                    0.0,
                    0.0,
                    0.0
                ],
                "extrinsics": {
                    "rotationMatrix": [
                        [
                            0.9998940229415894,
                            -0.01421845518052578,
                            0.0031280016992241144
                        ],
                        [
                            0.014247918501496315,
                            0.9998523592948914,
                            -0.009607408195734024
                        ],
                        [
                            -0.002990937326103449,
                            0.009650957770645618,
                            0.9999489784240723
                        ]
                    ],
                    "specTranslation": {
                        "x": 3.75,
                        "y": 0.0,
                        "z": 0.0
                    },
                    "toCameraSocket": 0,
                    "translation": {
                        "x": 3.733635187149048,
                        "y": 0.1472727209329605,
                        "z": -0.09276831150054932
                    }
                },
                "height": 480,
                "intrinsicMatrix": [
                    [
                        455.913330078125,
                        0.0,
                        318.01348876953125
                    ],
                    [
                        0.0,
                        455.913330078125,
                        265.9618225097656
                    ],
                    [
                        0.0,
                        0.0,
                        1.0
                    ]
                ],
                "lensPosition": 0,
                "specHfovDeg": 72.9000015258789,
                "width": 640
            }
        ]
    ],
    "hardwareConf": "",
    "imuExtrinsics": {
        "rotationMatrix": [
            [
                0.0,
                0.0,
                0.0
            ],
            [
                0.0,
                0.0,
                0.0
            ],
            [
                0.0,
                0.0,
                0.0
            ]
        ],
        "specTranslation": {
            "x": 0.0,
            "y": 0.0,
            "z": 0.0
        },
        "toCameraSocket": -1,
        "translation": {
            "x": 0.0,
            "y": 0.0,
            "z": 0.0
        }
    },
    "miscellaneousData": [],
    "productName": "",
    "stereoRectificationData": {
        "leftCameraSocket": 1,